Tamanho,Quicksort (s),Heapsort (s),Shellsort (s)
500,0.001992964744567871,0.0007565975189208985,0.0002083301544189453
5000,0.15416038036346436,0.011765742301940918,0.003683590888977051
10000,0.6164790630340576,0.02650578022003174,0.008720850944519043
30000,5.162010550498962,0.08262531757354737,0.025630807876586913
